meeting_id,image_url
135944,None
131010,None
135855,None
108252,None
125653,None
128459,None
133413,None
123368,None
126020,None
135118,None
114488,None
132195,None
128061,None
135609,None
134752,None
133251,"https://res.cloudinary.com/frientrip/image/upload/ar_4:3,c_fill,dpr_2.0,f_auto,g_auto,q_auto,r_0,w_930/product_banner_1589766344815_207282"
128055,None
134763,None
135944,None
131010,None
135855,None
108252,None
125653,None
128459,None
133413,None
123368,"https://res.cloudinary.com/frientrip/image/upload/ar_4:3,c_fill,dpr_2.0,f_auto,g_auto,q_auto,r_0,w_930/9C2B539A-480D-49B0-8BFF-CD07ED6B25B9_yiuhm8"
126020,None
135118,None
114488,None
132195,None
128061,None
135609,None
134752,None
133251,None
128055,None
134763,None
135944,None
131010,"https://res.cloudinary.com/frientrip/image/upload/ar_4:3,c_fill,dpr_2.0,f_auto,g_auto,q_auto,r_0,w_930/product_banner_1584355638051_434936"
135855,None
108252,None
125653,None
128459,None
133413,None
123368,None
126020,"https://res.cloudinary.com/frientrip/image/upload/ar_4:3,c_fill,dpr_2.0,f_auto,g_auto,q_auto,r_0,w_930/patrick-boucher-QVYMO-BvVSY-unsplash_wqd5nd"
135118,None
114488,None
132195,None
128061,None
135609,None
134752,None
133251,None
128055,None
134763,None
135944,None
131010,None
135855,None
108252,None
125653,None
128459,"https://res.cloudinary.com/frientrip/image/upload/ar_4:3,c_fill,dpr_2.0,f_auto,g_auto,q_auto,r_0,w_930/product_banner_1580358274271_533065"
133413,None
123368,None
126020,None
135118,None
114488,None
132195,None
128061,None
135609,None
134752,None
133251,None
128055,None
134763,None
135944,None
131010,None
135855,None
108252,None
125653,None
128459,None
133413,None
123368,None
126020,None
135118,None
114488,None
132195,None
128061,None
135609,None
134752,None
133251,None
128055,None
134763,None
135944,None
131010,None
135855,None
108252,None
125653,None
128459,None
133413,None
123368,None
126020,None
135118,None
114488,None
132195,None
128061,None
135609,None
134752,None
133251,None
128055,None
134763,None
135944,None
131010,None
135855,None
108252,None
125653,None
128459,None
133413,None
123368,None
126020,None
135118,None
114488,None
132195,None
128061,None
135609,None
134752,None
133251,None
128055,None
134763,None
135944,None
131010,None
135855,None
108252,None
125653,None
128459,None
133413,None
123368,None
126020,None
135118,None
114488,None
132195,None
128061,None
135609,None
134752,None
133251,None
128055,None
134763,None
135944,None
131010,None
135855,None
108252,None
125653,None
128459,None
133413,None
123368,None
126020,None
135118,None
114488,None
132195,None
128061,None
135609,None
134752,None
133251,None
128055,None
134763,None
